releaseID,releaseFishID,forkLength,ReleaseFish.comments
303,5137,38,NA
303,5149,39,NA
303,5126,33,NA
303,5127,37,NA
303,5128,36,NA
303,5129,40,NA
303,5130,34,NA
303,5131,32,NA
303,5132,37,NA
303,5133,36,NA
303,5134,38,NA
303,5124,33,NA
303,5136,36,NA
303,5123,34,NA
303,5138,34,NA
303,5139,37,NA
303,5140,36,NA
303,5141,38,NA
303,5142,39,NA
303,5143,47,NA
303,5144,37,NA
303,5145,37,NA
303,5146,32,NA
303,5099,37,NA
303,5135,33,NA
303,5112,33,NA
303,5100,34,NA
303,5101,37,NA
303,5102,38,NA
303,5103,36,NA
303,5104,33,NA
303,5105,36,NA
303,5106,36,NA
303,5107,37,NA
303,5108,32,NA
303,5109,34,NA
303,5125,32,NA
303,5111,34,NA
303,5151,42,NA
303,5113,45,NA
303,5114,39,NA
303,5115,36,NA
303,5116,39,NA
303,5117,37,NA
303,5118,37,NA
303,5119,45,NA
303,5120,37,NA
303,5121,36,NA
303,5122,37,NA
303,5110,38,NA
303,5189,35,NA
303,5147,42,NA
303,5178,37,NA
303,5179,38,NA
303,5180,33,NA
303,5181,47,NA
303,5182,33,NA
303,5183,30,NA
303,5184,32,NA
303,5185,37,NA
303,5186,33,NA
303,5176,39,NA
303,5188,37,NA
303,5175,35,NA
303,5190,36,NA
303,5191,36,NA
303,5192,32,NA
303,5193,37,NA
303,5194,33,NA
303,5195,43,NA
303,5196,33,NA
303,5197,42,NA
303,5198,32,NA
303,4999,44,NA
303,5187,36,NA
303,5164,35,NA
303,5152,38,NA
303,5153,33,NA
303,5154,39,NA
303,5155,46,NA
303,5156,36,NA
303,5157,37,NA
303,5158,38,NA
303,5159,33,NA
303,5160,36,NA
303,5161,37,NA
303,5177,36,NA
303,5163,36,NA
303,5148,43,NA
303,5165,37,NA
303,5166,34,NA
303,5167,38,NA
303,5168,39,NA
303,5169,44,NA
303,5170,38,NA
303,5171,39,NA
303,5172,36,NA
303,5173,37,NA
303,5174,36,NA
303,5162,35,NA
303,5037,34,NA
303,5025,33,NA
303,5026,39,NA
303,5027,38,NA
303,5028,32,NA
303,5029,33,NA
303,5030,37,NA
303,5031,33,NA
303,5032,38,NA
303,5033,32,NA
303,5034,37,NA
303,5048,38,NA
303,5036,37,NA
303,5022,34,NA
303,5038,35,NA
303,5039,31,NA
303,5040,36,NA
303,5041,34,NA
303,5042,34,NA
303,5043,32,NA
303,5044,33,NA
303,5045,37,NA
303,5046,34,NA
303,5047,36,NA
303,5035,31,NA
303,5011,32,NA
303,5150,31,NA
303,5000,41,NA
303,5098,37,NA
303,5002,36,NA
303,5003,32,NA
303,5004,38,NA
303,5005,37,NA
303,5006,33,NA
303,5007,33,NA
303,5008,36,NA
303,5024,35,NA
303,5010,34,NA
303,5023,33,NA
303,5012,37,NA
303,5013,33,NA
303,5014,36,NA
303,5015,39,NA
303,5016,37,NA
303,5017,33,NA
303,5018,37,NA
303,5019,34,NA
303,5020,38,NA
303,5021,38,NA
303,5001,33,NA
303,5009,37,NA
303,5085,36,NA
303,5073,38,NA
303,5074,34,NA
303,5075,38,NA
303,5076,33,NA
303,5077,39,NA
303,5078,38,NA
303,5079,38,NA
303,5080,36,NA
303,5081,33,NA
303,5082,37,NA
303,5072,38,NA
303,5084,37,NA
303,5095,36,NA
303,5086,33,NA
303,5087,32,NA
303,5088,37,NA
303,5089,33,NA
303,5090,37,NA
303,5091,37,NA
303,5092,37,NA
303,5093,39,NA
303,5094,37,NA
303,5096,37,NA
303,5083,38,NA
303,5055,43,NA
303,5071,44,NA
303,5097,36,NA
303,5050,33,NA
303,5051,36,NA
303,5052,38,NA
303,5054,44,NA
303,5049,36,NA
303,5056,33,NA
303,5057,36,NA
303,5058,37,NA
303,5059,39,NA
303,5066,36,NA
303,5069,33,NA
303,5053,32,NA
303,5060,34,NA
303,5067,35,NA
303,5070,37,NA
303,5065,37,NA
303,5064,38,NA
303,5063,34,NA
303,5062,33,NA
303,5061,36,NA
303,5068,36,NA
304,5326,36,NA
304,5333,34,NA
304,5335,35,NA
304,5334,30,NA
304,5332,37,NA
304,5331,36,NA
304,5330,37,NA
304,5329,46,NA
304,5327,36,NA
304,5336,37,NA
304,5328,42,NA
304,5337,56,NA
304,5338,37,NA
304,5339,32,NA
304,5340,37,NA
304,5341,35,NA
304,5342,41,NA
304,5343,37,NA
304,5344,37,NA
304,5345,35,NA
304,5325,39,NA
304,5347,35,NA
304,5312,37,NA
304,5348,35,NA
304,5346,37,NA
304,5311,35,NA
304,5301,38,NA
304,5375,38,NA
304,5349,44,NA
304,5302,40,NA
304,5303,36,NA
304,5304,37,NA
304,5305,53,NA
304,5306,39,NA
304,5307,37,NA
304,5308,37,NA
304,5314,35,NA
304,5310,38,NA
304,5324,36,NA
304,5313,36,NA
304,5315,46,NA
304,5316,41,NA
304,5317,41,NA
304,5318,36,NA
304,5319,39,NA
304,5320,37,NA
304,5321,34,NA
304,5322,34,NA
304,5323,38,NA
304,5309,37,NA
304,5388,39,NA
304,5373,43,NA
304,5377,43,NA
304,5378,37,NA
304,5379,36,NA
304,5380,32,NA
304,5381,43,NA
304,5382,43,NA
304,5383,45,NA
304,5384,35,NA
304,5385,62,NA
304,5300,43,NA
304,5387,39,NA
304,5374,43,NA
304,5389,41,NA
304,5390,40,NA
304,5391,33,NA
304,5392,44,NA
304,5393,39,NA
304,5394,36,NA
304,5395,42,NA
304,5396,46,NA
304,5397,40,NA
304,5273,34,NA
304,5386,43,NA
304,5363,58,NA
304,5351,36,NA
304,5352,37,NA
304,5353,37,NA
304,5354,34,NA
304,5355,54,NA
304,5356,38,NA
304,5357,33,NA
304,5358,38,NA
304,5359,37,NA
304,5360,38,NA
304,5376,44,NA
304,5362,32,NA
304,5350,39,NA
304,5364,52,NA
304,5365,55,NA
304,5366,43,NA
304,5367,44,NA
304,5368,38,NA
304,5369,38,NA
304,5370,40,NA
304,5371,56,NA
304,5372,47,NA
304,5398,42,NA
304,5361,34,NA
304,5237,33,NA
304,5248,37,NA
304,5226,37,NA
304,5227,36,NA
304,5228,37,NA
304,5229,36,NA
304,5230,33,NA
304,5231,36,NA
304,5232,34,NA
304,5233,37,NA
304,5234,39,NA
304,5222,36,NA
304,5236,34,NA
304,5221,37,NA
304,5238,36,NA
304,5239,37,NA
304,5240,34,NA
304,5241,36,NA
304,5242,37,NA
304,5243,36,NA
304,5244,37,NA
304,5245,31,NA
304,5246,29,NA
304,5247,32,NA
304,5235,36,NA
304,5210,44,NA
304,5275,36,NA
304,5299,34,NA
304,5200,46,NA
304,5201,43,NA
304,5202,47,NA
304,5203,41,NA
304,5204,41,NA
304,5205,53,NA
304,5206,42,NA
304,5207,41,NA
304,5224,36,NA
304,5209,48,NA
304,5225,34,NA
304,5211,42,NA
304,5212,48,NA
304,5213,43,NA
304,5214,44,NA
304,5215,33,NA
304,5216,33,NA
304,5217,31,NA
304,5218,35,NA
304,5219,35,NA
304,5220,35,NA
304,5208,41,NA
304,5287,38,NA
304,5199,42,NA
304,5276,39,NA
304,5277,37,NA
304,5278,33,NA
304,5279,37,NA
304,5280,39,NA
304,5281,36,NA
304,5296,39,NA
304,5283,35,NA
304,5297,38,NA
304,5274,38,NA
304,5286,35,NA
304,5282,37,NA
304,5288,35,NA
304,5289,35,NA
304,5290,33,NA
304,5291,36,NA
304,5292,30,NA
304,5293,35,NA
304,5294,35,NA
304,5295,34,NA
304,5249,42,NA
304,5223,40,NA
304,5298,37,NA
304,5285,36,NA
304,5253,43,NA
304,5250,40,NA
304,5251,53,NA
304,5284,31,NA
304,5252,42,NA
304,5254,40,NA
304,5255,40,NA
304,5256,40,NA
304,5257,41,NA
304,5258,42,NA
304,5259,43,NA
304,5260,45,NA
304,5261,44,NA
304,5271,37,NA
304,5262,43,NA
304,5272,35,NA
304,5270,40,NA
304,5269,45,NA
304,5268,42,NA
304,5266,42,NA
304,5265,40,NA
304,5264,40,NA
304,5267,40,NA
304,5263,45,NA
305,5472,48,NA
305,5466,43,NA
305,5467,53,NA
305,5468,48,NA
305,5469,47,NA
305,5452,49,NA
305,5471,46,NA
305,5465,44,NA
305,5458,50,NA
305,5473,50,NA
305,5470,44,NA
305,5464,48,NA
305,5463,55,NA
305,5462,47,NA
305,5461,47,NA
305,5454,45,NA
305,5459,43,NA
305,5457,49,NA
305,5456,51,NA
305,5455,52,NA
305,5451,44,NA
305,5453,44,NA
305,5460,45,NA
305,5486,52,NA
305,5423,52,NA
305,5498,48,NA
305,5450,45,NA
305,5497,54,NA
305,5495,42,NA
305,5494,53,NA
305,5493,53,NA
305,5492,48,NA
305,5491,46,NA
305,5490,52,NA
305,5489,50,NA
305,5496,54,NA
305,5487,49,NA
305,5474,52,NA
305,5485,50,NA
305,5484,48,NA
305,5483,47,NA
305,5482,49,NA
305,5481,52,NA
305,5480,49,NA
305,5479,45,NA
305,5478,53,NA
305,5477,55,NA
305,5476,48,NA
305,5475,49,NA
305,5488,46,NA
305,5407,53,NA
305,5421,50,NA
305,5420,48,NA
305,5419,49,NA
305,5418,55,NA
305,5417,50,NA
305,5416,51,NA
305,5415,53,NA
305,5414,52,NA
305,5413,47,NA
305,5412,46,NA
305,5422,50,NA
305,5408,54,NA
305,5411,49,NA
305,5406,48,NA
305,5405,50,NA
305,5404,51,NA
305,5403,53,NA
305,5402,52,NA
305,5401,52,NA
305,5400,42,NA
305,5399,47,NA
305,5449,49,NA
305,5425,53,NA
305,5410,47,NA
305,5447,50,NA
305,5409,54,NA
305,5448,50,NA
305,5424,52,NA
305,5446,45,NA
305,5445,48,NA
305,5444,50,NA
305,5443,42,NA
305,5442,49,NA
305,5441,51,NA
305,5440,52,NA
305,5439,45,NA
305,5438,51,NA
305,5437,50,NA
305,5428,52,NA
305,5427,51,NA
305,5429,54,NA
305,5430,45,NA
305,5431,49,NA
305,5432,50,NA
305,5434,54,NA
305,5435,45,NA
305,5436,45,NA
305,5433,52,NA
305,5426,53,NA
306,5572,48,NA
306,5564,45,NA
306,5565,48,NA
306,5566,48,NA
306,5567,46,NA
306,5568,44,NA
306,5569,48,NA
306,5571,47,NA
306,5563,45,NA
306,5556,48,NA
306,5573,47,NA
306,5570,48,NA
306,5562,42,NA
306,5561,46,NA
306,5560,46,NA
306,5559,44,NA
306,5551,49,NA
306,5557,44,NA
306,5574,50,NA
306,5555,44,NA
306,5554,46,NA
306,5553,45,NA
306,5552,47,NA
306,5499,42,NA
306,5558,45,NA
306,5586,48,NA
306,5550,47,NA
306,5597,48,NA
306,5596,40,NA
306,5595,45,NA
306,5594,44,NA
306,5593,49,NA
306,5592,45,NA
306,5591,47,NA
306,5590,49,NA
306,5589,46,NA
306,5598,45,NA
306,5587,45,NA
306,5575,49,NA
306,5585,50,NA
306,5584,42,NA
306,5583,43,NA
306,5582,41,NA
306,5581,40,NA
306,5580,44,NA
306,5579,43,NA
306,5578,42,NA
306,5577,47,NA
306,5576,47,NA
306,5588,48,NA
306,5511,46,NA
306,5523,47,NA
306,5522,49,NA
306,5521,47,NA
306,5520,45,NA
306,5519,48,NA
306,5518,46,NA
306,5517,47,NA
306,5516,48,NA
306,5515,47,NA
306,5514,45,NA
306,5524,45,NA
306,5512,48,NA
306,5549,42,NA
306,5510,42,NA
306,5509,50,NA
306,5508,44,NA
306,5507,43,NA
306,5506,48,NA
306,5505,45,NA
306,5504,39,NA
306,5503,46,NA
306,5502,44,NA
306,5500,48,NA
306,5513,49,NA
306,5541,46,NA
306,5501,47,NA
306,5547,47,NA
306,5546,45,NA
306,5545,47,NA
306,5544,51,NA
306,5525,44,NA
306,5542,44,NA
306,5548,50,NA
306,5540,49,NA
306,5539,47,NA
306,5538,45,NA
306,5530,45,NA
306,5526,46,NA
306,5543,47,NA
306,5537,49,NA
306,5529,48,NA
306,5527,47,NA
306,5531,47,NA
306,5532,48,NA
306,5533,44,NA
306,5534,50,NA
306,5535,47,NA
306,5536,46,NA
306,5528,51,NA
307,5667,56,NA
307,5664,61,NA
307,5665,53,NA
307,5666,57,NA
307,5668,54,NA
307,5669,56,NA
307,5670,58,NA
307,5671,62,NA
307,5673,58,NA
307,5672,61,NA
307,5663,53,NA
307,5662,52,NA
307,5661,54,NA
307,5660,63,NA
307,5659,54,NA
307,5658,53,NA
307,5657,56,NA
307,5656,54,NA
307,5655,61,NA
307,5654,52,NA
307,5674,57,NA
307,5652,58,NA
307,5688,56,NA
307,5653,54,NA
307,5687,59,NA
307,5649,53,NA
307,5650,48,NA
307,5698,54,NA
307,5697,54,NA
307,5696,52,NA
307,5695,56,NA
307,5694,57,NA
307,5693,54,NA
307,5692,56,NA
307,5691,58,NA
307,5686,57,NA
307,5689,58,NA
307,5675,52,NA
307,5685,53,NA
307,5684,58,NA
307,5683,64,NA
307,5682,57,NA
307,5681,56,NA
307,5680,54,NA
307,5679,61,NA
307,5678,53,NA
307,5677,55,NA
307,5676,57,NA
307,5690,57,NA
307,5610,54,NA
307,5622,57,NA
307,5621,57,NA
307,5620,57,NA
307,5619,58,NA
307,5618,53,NA
307,5617,54,NA
307,5616,53,NA
307,5615,52,NA
307,5614,54,NA
307,5613,56,NA
307,5651,57,NA
307,5611,52,NA
307,5625,61,NA
307,5609,53,NA
307,5608,57,NA
307,5607,58,NA
307,5606,51,NA
307,5605,58,NA
307,5604,57,NA
307,5603,57,NA
307,5602,56,NA
307,5601,57,NA
307,5600,58,NA
307,5648,47,NA
307,5612,54,NA
307,5636,57,NA
307,5599,53,NA
307,5647,54,NA
307,5646,56,NA
307,5645,58,NA
307,5644,57,NA
307,5643,64,NA
307,5642,60,NA
307,5641,56,NA
307,5640,57,NA
307,5639,52,NA
307,5623,58,NA
307,5637,54,NA
307,5624,48,NA
307,5635,56,NA
307,5634,54,NA
307,5633,53,NA
307,5632,54,NA
307,5631,57,NA
307,5630,58,NA
307,5629,56,NA
307,5628,47,NA
307,5627,43,NA
307,5626,60,NA
307,5638,57,NA
308,5702,76,NA
308,5699,73,NA
308,5700,82,NA
308,5701,80,NA
309,5765,91,NA
309,5774,96,NA
309,5775,81,NA
309,5802,82,NA
309,5773,90,NA
309,5772,80,NA
309,5771,84,NA
309,5770,84,NA
309,5769,89,NA
309,5768,88,NA
309,5766,88,NA
309,5779,83,NA
309,5764,79,NA
309,5763,86,NA
309,5762,87,NA
309,5761,83,NA
309,5760,72,NA
309,5759,85,NA
309,5758,91,NA
309,5757,95,NA
309,5756,86,NA
309,5755,78,NA
309,5754,90,NA
309,5767,93,NA
309,5790,88,NA
309,5753,87,NA
309,5801,83,NA
309,5800,88,NA
309,5799,86,NA
309,5798,77,NA
309,5797,88,NA
309,5796,84,NA
309,5795,79,NA
309,5794,83,NA
309,5793,80,NA
309,5777,87,NA
309,5791,87,NA
309,5778,84,NA
309,5789,81,NA
309,5788,84,NA
309,5787,92,NA
309,5786,88,NA
309,5785,85,NA
309,5784,90,NA
309,5783,81,NA
309,5782,88,NA
309,5781,86,NA
309,5780,74,NA
309,5792,81,NA
309,5712,78,NA
309,5725,74,NA
309,5724,90,NA
309,5723,90,NA
309,5722,90,NA
309,5721,97,NA
309,5720,90,NA
309,5719,85,NA
309,5718,90,NA
309,5717,97,NA
309,5703,95,NA
309,5726,88,NA
309,5713,89,NA
309,5716,89,NA
309,5711,87,NA
309,5710,96,NA
309,5709,77,NA
309,5708,93,NA
309,5707,90,NA
309,5706,85,NA
309,5705,89,NA
309,5704,80,NA
309,5752,80,NA
309,5776,77,NA
309,5715,92,NA
309,5743,66,NA
309,5750,97,NA
309,5714,91,NA
309,5727,92,NA
309,5748,88,NA
309,5747,91,NA
309,5746,87,NA
309,5744,85,NA
309,5749,90,NA
309,5742,89,NA
309,5741,91,NA
309,5740,85,NA
309,5751,87,NA
309,5730,93,NA
309,5728,93,NA
309,5745,85,NA
309,5729,89,NA
309,5739,93,NA
309,5731,90,NA
309,5732,76,NA
309,5734,85,NA
309,5735,91,NA
309,5736,78,NA
309,5737,82,NA
309,5738,87,NA
309,5733,90,NA
310,5874,44,NA
310,5867,44,NA
310,5868,43,NA
310,5869,44,NA
310,5870,36,NA
310,5871,49,NA
310,5876,39,NA
310,5873,40,NA
310,5866,40,NA
310,5872,41,NA
310,5865,43,NA
310,5864,43,NA
310,5863,40,NA
310,5862,40,NA
310,5861,45,NA
310,5860,44,NA
310,5859,45,NA
310,5858,43,NA
310,5857,47,NA
310,5856,44,NA
310,5854,44,NA
310,5878,43,NA
310,5855,38,NA
310,5891,43,NA
310,5875,43,NA
310,5902,44,NA
310,5853,43,NA
310,5900,44,NA
310,5899,42,NA
310,5898,46,NA
310,5897,43,NA
310,5896,44,NA
310,5895,46,NA
310,5894,43,NA
310,5901,42,NA
310,5892,44,NA
310,5879,44,NA
310,5890,47,NA
310,5889,44,NA
310,5888,43,NA
310,5887,47,NA
310,5886,46,NA
310,5885,44,NA
310,5884,46,NA
310,5883,40,NA
310,5882,47,NA
310,5881,42,NA
310,5880,45,NA
310,5893,45,NA
310,5813,43,NA
310,5825,46,NA
310,5824,41,NA
310,5823,47,NA
310,5822,43,NA
310,5821,42,NA
310,5820,44,NA
310,5819,43,NA
310,5818,45,NA
310,5817,43,NA
310,5803,44,NA
310,5826,44,NA
310,5852,43,NA
310,5816,44,NA
310,5812,39,NA
310,5811,42,NA
310,5810,43,NA
310,5809,43,NA
310,5808,41,NA
310,5807,45,NA
310,5806,36,NA
310,5805,41,NA
310,5804,42,NA
310,5877,41,NA
310,5815,46,NA
310,5844,45,NA
310,5814,44,NA
310,5851,44,NA
310,5827,44,NA
310,5849,45,NA
310,5848,43,NA
310,5847,36,NA
310,5845,46,NA
310,5850,44,NA
310,5843,43,NA
310,5842,45,NA
310,5841,46,NA
310,5840,37,NA
310,5830,49,NA
310,5846,36,NA
310,5829,39,NA
310,5839,49,NA
310,5831,44,NA
310,5832,45,NA
310,5833,42,NA
310,5834,43,NA
310,5835,44,NA
310,5836,40,NA
310,5837,44,NA
310,5838,48,NA
310,5828,44,NA
311,5974,58,NA
311,5967,57,NA
311,5968,54,NA
311,5969,57,NA
311,5970,57,NA
311,5971,53,NA
311,5973,58,NA
311,5966,61,NA
311,5975,54,NA
311,5972,58,NA
311,5965,61,NA
311,5964,50,NA
311,5963,52,NA
311,5962,55,NA
311,5961,53,NA
311,5960,52,NA
311,5959,52,NA
311,5958,54,NA
311,5957,55,NA
311,5956,54,NA
311,5955,55,NA
311,5953,55,NA
311,5954,46,NA
311,5988,60,NA
311,5925,51,NA
311,6001,65,NA
311,5952,57,NA
311,5997,57,NA
311,5996,47,NA
311,5995,59,NA
311,5994,61,NA
311,5993,57,NA
311,5992,58,NA
311,5991,61,NA
311,5998,63,NA
311,5989,58,NA
311,5976,57,NA
311,5987,51,NA
311,5986,64,NA
311,5985,61,NA
311,5984,54,NA
311,5983,54,NA
311,5982,52,NA
311,5981,50,NA
311,5980,60,NA
311,5979,47,NA
311,5978,44,NA
311,5977,60,NA
311,5990,58,NA
311,5912,56,NA
311,5923,53,NA
311,5922,57,NA
311,5921,59,NA
311,5920,55,NA
311,5919,57,NA
311,5918,48,NA
311,5917,51,NA
311,5916,61,NA
311,5915,48,NA
311,5927,63,NA
311,5913,54,NA
311,5928,57,NA
311,5911,57,NA
311,5910,51,NA
311,5909,56,NA
311,5908,61,NA
311,5907,62,NA
311,5906,56,NA
311,5905,47,NA
311,5904,58,NA
311,5903,47,NA
311,6000,52,NA
311,5914,56,NA
311,5938,52,NA
311,5950,48,NA
311,5949,61,NA
311,5948,54,NA
311,5947,52,NA
311,5946,53,NA
311,5945,56,NA
311,5944,62,NA
311,5943,59,NA
311,5942,57,NA
311,5941,48,NA
311,5924,56,NA
311,5939,49,NA
311,5926,57,NA
311,5937,54,NA
311,5936,58,NA
311,5935,61,NA
311,5934,51,NA
311,5933,61,NA
311,5932,58,NA
311,5931,52,NA
311,5930,54,NA
311,5929,51,NA
311,5951,57,NA
311,5940,52,NA
311,6002,59,NA
311,5999,56,NA
312,6063,67,NA
312,6075,68,NA
312,6074,58,NA
312,6073,59,NA
312,6072,57,NA
312,6071,66,NA
312,6070,60,NA
312,6069,57,NA
312,6068,58,NA
312,6067,69,NA
312,6066,70,NA
312,6077,49,NA
312,6064,52,NA
312,6081,64,NA
312,6062,66,NA
312,6061,63,NA
312,6060,59,NA
312,6059,63,NA
312,6058,69,NA
312,6057,63,NA
312,6056,66,NA
312,6055,62,NA
312,6054,65,NA
312,6065,64,NA
312,6090,63,NA
312,6102,58,NA
312,6101,65,NA
312,6100,63,NA
312,6099,58,NA
312,6098,64,NA
312,6097,57,NA
312,6096,70,NA
312,6095,61,NA
312,6094,68,NA
312,6093,66,NA
312,6079,68,NA
312,6091,68,NA
312,6053,64,NA
312,6089,66,NA
312,6088,55,NA
312,6087,68,NA
312,6086,53,NA
312,6085,62,NA
312,6084,61,NA
312,6083,57,NA
312,6082,66,NA
312,6076,64,NA
312,6080,60,NA
312,6092,60,NA
312,6014,62,NA
312,6026,71,NA
312,6025,64,NA
312,6024,62,NA
312,6023,72,NA
312,6022,60,NA
312,6021,60,NA
312,6020,68,NA
312,6019,58,NA
312,6018,61,NA
312,6017,59,NA
312,6027,64,NA
312,6015,60,NA
312,6005,65,NA
312,6013,64,NA
312,6012,67,NA
312,6011,60,NA
312,6010,64,NA
312,6009,63,NA
312,6008,59,NA
312,6007,60,NA
312,6006,58,NA
312,6052,53,NA
312,6004,69,NA
312,6078,66,NA
312,6016,66,NA
312,6050,61,NA
312,6003,66,NA
312,6051,68,NA
312,6049,60,NA
312,6048,57,NA
312,6047,62,NA
312,6046,63,NA
312,6045,71,NA
312,6044,67,NA
312,6043,74,NA
312,6042,54,NA
312,6041,65,NA
312,6040,64,NA
312,6032,62,NA
312,6028,65,NA
312,6029,63,NA
312,6039,56,NA
312,6031,65,NA
312,6033,56,NA
312,6034,67,NA
312,6035,60,NA
312,6036,57,NA
312,6037,60,NA
312,6038,63,NA
312,6030,67,NA
313,6176,76,NA
313,6167,70,NA
313,6168,76,NA
313,6169,74,NA
313,6170,71,NA
313,6171,78,NA
313,6172,69,NA
313,6173,63,NA
313,6166,68,NA
313,6175,72,NA
313,6159,77,NA
313,6174,72,NA
313,6165,71,NA
313,6164,69,NA
313,6163,71,NA
313,6162,74,NA
313,6155,69,NA
313,6160,64,NA
313,6158,72,NA
313,6157,83,NA
313,6156,71,NA
313,6177,77,NA
313,6154,72,NA
313,6191,76,NA
313,6161,69,NA
313,6190,70,NA
313,6201,70,NA
313,6202,73,NA
313,6200,74,NA
313,6199,66,NA
313,6198,57,NA
313,6197,67,NA
313,6196,77,NA
313,6195,75,NA
313,6194,66,NA
313,6193,61,NA
313,6189,73,NA
313,6153,71,NA
313,6178,72,NA
313,6188,78,NA
313,6187,77,NA
313,6186,77,NA
313,6185,67,NA
313,6184,73,NA
313,6183,70,NA
313,6182,79,NA
313,6181,67,NA
313,6180,64,NA
313,6179,70,NA
313,6192,65,NA
313,6113,67,NA
313,6126,74,NA
313,6125,75,NA
313,6124,68,NA
313,6123,76,NA
313,6122,81,NA
313,6121,73,NA
313,6120,64,NA
313,6119,75,NA
313,6118,74,NA
313,6117,74,NA
313,6127,79,NA
313,6115,70,NA
313,6116,65,NA
313,6112,76,NA
313,6111,63,NA
313,6110,70,NA
313,6109,75,NA
313,6108,78,NA
313,6107,75,NA
313,6106,76,NA
313,6105,80,NA
313,6103,75,NA
313,6152,65,NA
313,6104,75,NA
313,6144,62,NA
313,6114,70,NA
313,6128,78,NA
313,6149,70,NA
313,6148,72,NA
313,6147,78,NA
313,6145,69,NA
313,6150,80,NA
313,6143,75,NA
313,6142,81,NA
313,6141,70,NA
313,6151,76,NA
313,6130,68,NA
313,6146,79,NA
313,6129,68,NA
313,6140,76,NA
313,6131,61,NA
313,6132,80,NA
313,6133,78,NA
313,6134,70,NA
313,6135,71,NA
313,6136,70,NA
313,6137,64,NA
313,6138,71,NA
313,6139,75,NA
314,6275,77,NA
314,6267,74,NA
314,6268,85,NA
314,6269,86,NA
314,6270,79,NA
314,6271,77,NA
314,6272,88,NA
314,6276,79,NA
314,6274,84,NA
314,6266,87,NA
314,6273,82,NA
314,6265,86,NA
314,6264,80,NA
314,6263,73,NA
314,6262,80,NA
314,6261,84,NA
314,6260,90,NA
314,6259,90,NA
314,6258,84,NA
314,6257,76,NA
314,6256,84,NA
314,6254,80,NA
314,6278,87,NA
314,6255,85,NA
314,6291,79,NA
314,6277,80,NA
314,6302,82,NA
314,6253,71,NA
314,6300,89,NA
314,6299,78,NA
314,6298,74,NA
314,6297,82,NA
314,6296,87,NA
314,6295,70,NA
314,6294,83,NA
314,6301,80,NA
314,6292,80,NA
314,6203,85,NA
314,6290,90,NA
314,6289,85,NA
314,6288,83,NA
314,6287,75,NA
314,6286,89,NA
314,6285,78,NA
314,6284,84,NA
314,6283,79,NA
314,6282,68,NA
314,6281,79,NA
314,6280,82,NA
314,6293,71,NA
314,6213,85,NA
314,6226,85,NA
314,6225,83,NA
314,6224,75,NA
314,6223,87,NA
314,6222,79,NA
314,6221,84,NA
314,6220,81,NA
314,6219,90,NA
314,6218,76,NA
314,6217,80,NA
314,6227,87,NA
314,6252,78,NA
314,6216,85,NA
314,6212,84,NA
314,6211,85,NA
314,6210,84,NA
314,6209,80,NA
314,6208,83,NA
314,6207,84,NA
314,6206,82,NA
314,6205,92,NA
314,6204,83,NA
314,6279,87,NA
314,6215,87,NA
314,6244,81,NA
314,6214,79,NA
314,6251,90,NA
314,6228,80,NA
314,6249,81,NA
314,6248,85,NA
314,6247,80,NA
314,6245,75,NA
314,6250,85,NA
314,6243,90,NA
314,6242,86,NA
314,6241,77,NA
314,6240,85,NA
314,6231,82,NA
314,6246,86,NA
314,6230,90,NA
314,6239,83,NA
314,6232,86,NA
314,6233,82,NA
314,6234,83,NA
314,6235,93,NA
314,6236,88,NA
314,6237,82,NA
314,6238,80,NA
314,6229,89,NA
315,6431,34,NA
315,6438,30,NA
315,6437,36,NA
315,6436,34,NA
315,6435,35,NA
315,6434,32,NA
315,6432,35,NA
315,6439,35,NA
315,6430,35,NA
315,6429,35,NA
315,6433,36,NA
315,6440,38,NA
315,6441,35,NA
315,6442,36,NA
315,6443,35,NA
315,6444,35,NA
315,6445,35,NA
315,6446,35,NA
315,6447,35,NA
315,6448,35,NA
315,6449,36,NA
315,6451,35,NA
315,6404,35,NA
315,6450,34,NA
315,6416,33,NA
315,6478,35,NA
315,6405,34,NA
315,6452,36,NA
315,6407,35,NA
315,6408,36,NA
315,6409,34,NA
315,6410,35,NA
315,6411,33,NA
315,6412,35,NA
315,6413,32,NA
315,6406,35,NA
315,6415,33,NA
315,6428,34,NA
315,6417,34,NA
315,6418,35,NA
315,6419,36,NA
315,6420,35,NA
315,6421,34,NA
315,6422,35,NA
315,6423,34,NA
315,6424,35,NA
315,6425,35,NA
315,6426,34,NA
315,6427,36,NA
315,6414,35,NA
315,6493,35,NA
315,6476,32,NA
315,6482,34,NA
315,6483,35,NA
315,6484,35,NA
315,6485,35,NA
315,6486,35,NA
315,6487,36,NA
315,6488,34,NA
315,6489,36,NA
315,6490,37,NA
315,6480,36,NA
315,6492,33,NA
315,6479,33,NA
315,6494,33,NA
315,6495,35,NA
315,6496,34,NA
315,6497,35,NA
315,6498,35,NA
315,6499,34,NA
315,6500,35,NA
315,6502,35,NA
315,6501,35,NA
315,6403,33,NA
315,6491,36,NA
315,6466,34,NA
315,6454,35,NA
315,6455,30,NA
315,6456,36,NA
315,6457,35,NA
315,6458,32,NA
315,6459,35,NA
315,6460,32,NA
315,6461,32,NA
315,6462,35,NA
315,6463,34,NA
315,6481,34,NA
315,6465,30,NA
315,6453,35,NA
315,6467,35,NA
315,6468,34,NA
315,6469,35,NA
315,6470,34,NA
315,6471,34,NA
315,6472,36,NA
315,6473,35,NA
315,6474,35,NA
315,6475,34,NA
315,6477,36,NA
315,6464,34,NA
315,6341,34,NA
315,6352,36,NA
315,6330,34,NA
315,6331,34,NA
315,6332,33,NA
315,6333,33,NA
315,6334,35,NA
315,6335,34,NA
315,6336,31,NA
315,6337,35,NA
315,6338,34,NA
315,6327,35,NA
315,6340,33,NA
315,6325,34,NA
315,6342,34,NA
315,6343,34,NA
315,6344,35,NA
315,6345,33,NA
315,6346,35,NA
315,6347,34,NA
315,6348,33,NA
315,6349,32,NA
315,6350,33,NA
315,6351,36,NA
315,6339,33,NA
315,6314,34,NA
315,6402,34,NA
315,6303,30,NA
315,6304,32,NA
315,6305,36,NA
315,6306,35,NA
315,6307,33,NA
315,6308,33,NA
315,6309,34,NA
315,6310,36,NA
315,6311,33,NA
315,6329,34,NA
315,6313,34,NA
315,6328,34,NA
315,6315,33,NA
315,6316,33,NA
315,6317,33,NA
315,6318,37,NA
315,6319,33,NA
315,6320,31,NA
315,6321,37,NA
315,6322,34,NA
315,6323,33,NA
315,6324,34,NA
315,6312,34,NA
315,6391,36,NA
315,6379,35,NA
315,6380,34,NA
315,6381,37,NA
315,6382,34,NA
315,6383,35,NA
315,6384,33,NA
315,6385,35,NA
315,6386,35,NA
315,6387,33,NA
315,6388,35,NA
315,6378,35,NA
315,6390,33,NA
315,6399,36,NA
315,6392,37,NA
315,6393,34,NA
315,6394,37,NA
315,6395,33,NA
315,6396,34,NA
315,6397,33,NA
315,6398,36,NA
315,6353,37,NA
315,6400,36,NA
315,6326,39,NA
315,6389,34,NA
315,6356,34,NA
315,6401,33,NA
315,6377,35,NA
315,6355,34,NA
315,6357,36,NA
315,6358,39,NA
315,6359,33,NA
315,6360,35,NA
315,6361,35,NA
315,6362,34,NA
315,6363,35,NA
315,6364,37,NA
315,6365,34,NA
315,6373,36,NA
315,6354,33,NA
315,6366,34,NA
315,6374,37,NA
315,6376,37,NA
315,6372,35,NA
315,6371,35,NA
315,6370,34,NA
315,6369,34,NA
315,6368,34,NA
315,6367,35,NA
315,6375,34,NA
316,6567,55,NA
316,6568,54,NA
316,6569,61,NA
316,6570,50,NA
316,6571,57,NA
316,6572,52,NA
316,6573,54,NA
316,6554,55,NA
316,6575,39,NA
316,6560,47,NA
316,6576,57,NA
316,6574,46,NA
316,6566,57,NA
316,6555,54,NA
316,6565,55,NA
316,6564,62,NA
316,6563,55,NA
316,6561,58,NA
316,6559,44,NA
316,6558,47,NA
316,6557,54,NA
316,6578,59,NA
316,6593,58,NA
316,6556,47,NA
316,6562,53,NA
316,6592,55,NA
316,6553,48,NA
316,6577,50,NA
316,6503,44,NA
316,6602,52,NA
316,6601,55,NA
316,6600,53,NA
316,6599,54,NA
316,6598,57,NA
316,6597,56,NA
316,6596,56,NA
316,6591,56,NA
316,6594,52,NA
316,6580,57,NA
316,6590,58,NA
316,6589,51,NA
316,6588,51,NA
316,6587,42,NA
316,6586,43,NA
316,6585,58,NA
316,6584,55,NA
316,6583,54,NA
316,6582,49,NA
316,6581,54,NA
316,6595,56,NA
316,6514,48,NA
316,6526,54,NA
316,6525,56,NA
316,6524,49,NA
316,6523,53,NA
316,6522,49,NA
316,6521,56,NA
316,6520,55,NA
316,6519,53,NA
316,6518,57,NA
316,6517,50,NA
316,6527,53,NA
316,6515,51,NA
316,6506,56,NA
316,6513,52,NA
316,6512,37,NA
316,6511,45,NA
316,6510,44,NA
316,6509,56,NA
316,6508,55,NA
316,6507,51,NA
316,6505,52,NA
316,6552,53,NA
316,6579,51,NA
316,6516,48,NA
316,6551,52,NA
316,6528,60,NA
316,6549,55,NA
316,6548,52,NA
316,6547,53,NA
316,6546,47,NA
316,6545,45,NA
316,6544,44,NA
316,6543,45,NA
316,6542,52,NA
316,6541,53,NA
316,6540,58,NA
316,6539,58,NA
316,6531,56,NA
316,6550,51,NA
316,6538,53,NA
316,6530,52,NA
316,6504,50,NA
316,6532,54,NA
316,6533,47,NA
316,6534,49,NA
316,6535,42,NA
316,6536,55,NA
316,6537,52,NA
316,6529,53,NA
317,6666,70,NA
317,6667,69,NA
317,6668,71,NA
317,6669,66,NA
317,6670,68,NA
317,6671,73,NA
317,6672,69,NA
317,6665,68,NA
317,6674,72,NA
317,6659,63,NA
317,6675,71,NA
317,6673,71,NA
317,6653,64,NA
317,6664,67,NA
317,6663,59,NA
317,6662,63,NA
317,6660,66,NA
317,6658,62,NA
317,6657,53,NA
317,6656,63,NA
317,6655,69,NA
317,6676,76,NA
317,6689,77,NA
317,6661,61,NA
317,6688,72,NA
317,6701,67,NA
317,6652,64,NA
317,6699,74,NA
317,6698,70,NA
317,6697,72,NA
317,6696,68,NA
317,6695,70,NA
317,6694,67,NA
317,6693,73,NA
317,6692,72,NA
317,6687,70,NA
317,6690,72,NA
317,6677,67,NA
317,6700,69,NA
317,6686,66,NA
317,6685,69,NA
317,6684,74,NA
317,6683,70,NA
317,6682,68,NA
317,6681,71,NA
317,6680,70,NA
317,6679,73,NA
317,6678,70,NA
317,6691,79,NA
317,6611,60,NA
317,6624,57,NA
317,6623,65,NA
317,6622,69,NA
317,6621,63,NA
317,6620,61,NA
317,6619,68,NA
317,6618,74,NA
317,6617,72,NA
317,6616,66,NA
317,6702,68,NA
317,6625,57,NA
317,6612,62,NA
317,6615,73,NA
317,6610,66,NA
317,6609,67,NA
317,6608,70,NA
317,6607,69,NA
317,6606,69,NA
317,6605,69,NA
317,6604,69,NA
317,6603,69,NA
317,6651,64,NA
317,6654,68,NA
317,6614,62,NA
317,6649,65,NA
317,6613,61,NA
317,6650,67,NA
317,6626,62,NA
317,6648,57,NA
317,6647,61,NA
317,6646,67,NA
317,6645,63,NA
317,6644,68,NA
317,6643,66,NA
317,6642,60,NA
317,6641,56,NA
317,6640,66,NA
317,6639,66,NA
317,6628,63,NA
317,6627,69,NA
317,6629,60,NA
317,6630,62,NA
317,6631,49,NA
317,6632,65,NA
317,6634,65,NA
317,6635,65,NA
317,6636,66,NA
317,6637,63,NA
317,6638,60,NA
317,6633,67,NA
318,6775,73,NA
318,6767,65,NA
318,6768,67,NA
318,6769,81,NA
318,6770,70,NA
318,6771,65,NA
318,6772,65,NA
318,6776,67,NA
318,6774,81,NA
318,6766,76,NA
318,6759,68,NA
318,6773,79,NA
318,6765,79,NA
318,6764,80,NA
318,6763,80,NA
318,6762,74,NA
318,6754,73,NA
318,6760,80,NA
318,6777,75,NA
318,6758,77,NA
318,6757,64,NA
318,6756,76,NA
318,6755,76,NA
318,6761,81,NA
318,6790,83,NA
318,6753,73,NA
318,6802,75,NA
318,6800,74,NA
318,6799,70,NA
318,6798,81,NA
318,6797,77,NA
318,6796,70,NA
318,6795,57,NA
318,6794,71,NA
318,6793,75,NA
318,6801,78,NA
318,6791,74,NA
318,6778,84,NA
318,6789,75,NA
318,6788,67,NA
318,6787,78,NA
318,6786,70,NA
318,6785,65,NA
318,6784,66,NA
318,6783,67,NA
318,6782,57,NA
318,6781,75,NA
318,6780,70,NA
318,6779,68,NA
318,6792,75,NA
318,6714,75,NA
318,6726,71,NA
318,6725,67,NA
318,6724,64,NA
318,6723,79,NA
318,6722,65,NA
318,6721,74,NA
318,6720,73,NA
318,6719,75,NA
318,6718,68,NA
318,6703,69,NA
318,6727,66,NA
318,6704,68,NA
318,6717,75,NA
318,6713,76,NA
318,6712,76,NA
318,6711,73,NA
318,6710,70,NA
318,6709,78,NA
318,6708,67,NA
318,6707,76,NA
318,6706,69,NA
318,6705,76,NA
318,6752,75,NA
318,6716,76,NA
318,6745,74,NA
318,6715,67,NA
318,6751,59,NA
318,6728,71,NA
318,6750,75,NA
318,6749,78,NA
318,6748,67,NA
318,6746,71,NA
318,6744,68,NA
318,6743,70,NA
318,6742,70,NA
318,6741,73,NA
318,6731,70,NA
318,6747,70,NA
318,6730,72,NA
318,6740,67,NA
318,6732,80,NA
318,6733,79,NA
318,6734,67,NA
318,6735,68,NA
318,6736,67,NA
318,6737,68,NA
318,6738,83,NA
318,6739,77,NA
318,6729,76,NA
319,6876,72,NA
319,6868,67,NA
319,6869,71,NA
319,6870,62,NA
319,6871,66,NA
319,6872,64,NA
319,6873,68,NA
319,6875,71,NA
319,6867,54,NA
319,6854,67,NA
319,6874,67,NA
319,6866,57,NA
319,6865,62,NA
319,6864,57,NA
319,6863,63,NA
319,6862,64,NA
319,6861,68,NA
319,6860,67,NA
319,6859,60,NA
319,6858,63,NA
319,6857,65,NA
319,6855,68,NA
319,6856,53,NA
319,6891,64,NA
319,6877,69,NA
319,6902,69,NA
319,6853,65,NA
319,6900,74,NA
319,6899,80,NA
319,6898,75,NA
319,6897,77,NA
319,6896,78,NA
319,6895,55,NA
319,6894,69,NA
319,6901,76,NA
319,6892,69,NA
319,6878,67,NA
319,6890,66,NA
319,6889,59,NA
319,6888,65,NA
319,6887,70,NA
319,6886,60,NA
319,6885,60,NA
319,6884,61,NA
319,6883,69,NA
319,6882,67,NA
319,6881,55,NA
319,6880,61,NA
319,6893,72,NA
319,6813,70,NA
319,6825,80,NA
319,6824,73,NA
319,6823,75,NA
319,6822,71,NA
319,6821,67,NA
319,6820,75,NA
319,6819,72,NA
319,6818,67,NA
319,6817,72,NA
319,6803,63,NA
319,6826,72,NA
319,6852,76,NA
319,6816,70,NA
319,6812,72,NA
319,6811,70,NA
319,6810,73,NA
319,6809,70,NA
319,6808,75,NA
319,6807,69,NA
319,6806,75,NA
319,6805,74,NA
319,6804,65,NA
319,6879,68,NA
319,6815,74,NA
319,6844,69,NA
319,6851,74,NA
319,6814,75,NA
319,6827,70,NA
319,6850,72,NA
319,6849,78,NA
319,6848,74,NA
319,6847,75,NA
319,6845,72,NA
319,6843,76,NA
319,6842,79,NA
319,6841,69,NA
319,6840,74,NA
319,6830,75,NA
319,6828,74,NA
319,6846,78,NA
319,6829,76,NA
319,6839,84,NA
319,6831,74,NA
319,6832,67,NA
319,6833,73,NA
319,6835,72,NA
319,6836,64,NA
319,6837,67,NA
319,6838,75,NA
319,6834,76,NA
320,6976,41,NA
320,6969,53,NA
320,6970,48,NA
320,6971,48,NA
320,6972,48,NA
320,6973,47,NA
320,6977,49,NA
320,6975,47,NA
320,6954,45,NA
320,6968,49,NA
320,6974,45,NA
320,6967,44,NA
320,6966,48,NA
320,6965,43,NA
320,6964,45,NA
320,6963,49,NA
320,6962,49,NA
320,6961,43,NA
320,6960,45,NA
320,6959,48,NA
320,6958,48,NA
320,6957,45,NA
320,6955,48,NA
320,6956,49,NA
320,6990,42,NA
320,6926,42,NA
320,7001,46,NA
320,6953,46,NA
320,6999,45,NA
320,6998,46,NA
320,6997,40,NA
320,6996,44,NA
320,6995,47,NA
320,6994,46,NA
320,6993,49,NA
320,7000,46,NA
320,6991,47,NA
320,6978,45,NA
320,6989,47,NA
320,6988,48,NA
320,6987,45,NA
320,6986,44,NA
320,6985,45,NA
320,6984,47,NA
320,6983,45,NA
320,6982,47,NA
320,6981,43,NA
320,6980,51,NA
320,6979,45,NA
320,6992,48,NA
320,6912,50,NA
320,6928,50,NA
320,6923,44,NA
320,6922,48,NA
320,6921,44,NA
320,6920,49,NA
320,6919,45,NA
320,6918,47,NA
320,6917,45,NA
320,6916,48,NA
320,6915,43,NA
320,6925,47,NA
320,6913,42,NA
320,6927,39,NA
320,6911,46,NA
320,6910,44,NA
320,6909,46,NA
320,6908,50,NA
320,6907,49,NA
320,6906,47,NA
320,6905,44,NA
320,6904,45,NA
320,6903,48,NA
320,7002,37,NA
320,6914,47,NA
320,6939,45,NA
320,6951,46,NA
320,6950,49,NA
320,6949,48,NA
320,6948,44,NA
320,6947,49,NA
320,6946,44,NA
320,6945,45,NA
320,6944,49,NA
320,6943,49,NA
320,6942,44,NA
320,6924,47,NA
320,6940,47,NA
320,6952,46,NA
320,6938,43,NA
320,6937,46,NA
320,6936,47,NA
320,6935,49,NA
320,6934,47,NA
320,6933,45,NA
320,6932,45,NA
320,6931,44,NA
320,6930,45,NA
320,6929,49,NA
320,6941,48,NA
